<?xml version="1.0" encoding="UTF-8"?>
<project version="4">
  <component name="ChangeListManager">
    <list default="true" id="b028632c-fbc4-42be-9d0b-556ef09e557c" name="Default" comment="">
      <change type="NEW" beforePath="" afterPath="$PROJECT_DIR$/.idea/checkstyle-idea.xml" />
      <change type="MODIFICATION" beforePath="$PROJECT_DIR$/LambdaExamples.iml" afterPath="$PROJECT_DIR$/LambdaExamples.iml" />
      <change type="MODIFICATION" beforePath="$PROJECT_DIR$/src/kr/co/sunnyvale/examples/lambda/Test01.java" afterPath="$PROJECT_DIR$/src/kr/co/sunnyvale/examples/lambda/Test01.java" />
    </list>
    <ignored path="LambdaExamples.iws" />
    <ignored path=".idea/workspace.xml" />
    <ignored path="$PROJECT_DIR$/out/" />
    <ignored path=".idea/dataSources.local.xml" />
    <option name="EXCLUDED_CONVERTED_TO_IGNORED" value="true" />
    <option name="TRACKING_ENABLED" value="true" />
    <option name="SHOW_DIALOG" value="false" />
    <option name="HIGHLIGHT_CONFLICTS" value="true" />
    <option name="HIGHLIGHT_NON_ACTIVE_CHANGELIST" value="false" />
    <option name="LAST_RESOLUTION" value="IGNORE" />
  </component>
  <component name="ChangesViewManager" flattened_view="true" show_ignored="false" />
  <component name="CreatePatchCommitExecutor">
    <option name="PATCH_PATH" value="" />
  </component>
  <component name="ExecutionTargetManager" SELECTED_TARGET="default_target" />
  <component name="FavoritesManager">
    <favorites_list name="LambdaExamples" />
  </component>
  <component name="FileEditorManager">
    <leaf>
      <file leaf-file-name="Test01.java" pinned="false" current-in-tab="true">
        <entry file="file://$PROJECT_DIR$/src/kr/co/sunnyvale/examples/lambda/Test01.java">
          <provider selected="true" editor-type-id="text-editor">
            <state vertical-scroll-proportion="0.65883666">
              <caret line="70" column="70" selection-start-line="70" selection-start-column="70" selection-end-line="70" selection-end-column="70" />
              <folding>
                <element signature="e#4634#4635#0" expanded="true" />
                <element signature="e#4667#4668#0" expanded="true" />
                <element signature="e#4837#4838#0" expanded="true" />
                <element signature="e#4860#4861#0" expanded="true" />
                <element signature="e#5015#5016#0" expanded="true" />
                <element signature="e#5039#5040#0" expanded="true" />
                <element signature="e#5082#5083#0" expanded="true" />
                <element signature="e#5115#5116#0" expanded="true" />
                <element signature="e#5158#5159#0" expanded="true" />
                <element signature="e#5182#5183#0" expanded="true" />
                <element signature="e#5393#5394#0" expanded="true" />
                <element signature="e#5417#5418#0" expanded="true" />
                <element signature="e#5460#5461#0" expanded="true" />
                <element signature="e#5493#5494#0" expanded="true" />
                <element signature="e#6774#6775#0" expanded="true" />
                <element signature="e#6817#6818#0" expanded="true" />
                <element signature="e#6899#6900#0" expanded="true" />
                <element signature="e#6948#6949#0" expanded="true" />
                <element signature="e#7030#7031#0" expanded="true" />
                <element signature="e#7079#7080#0" expanded="true" />
                <element signature="e#7189#7190#0" expanded="true" />
                <element signature="e#7231#7232#0" expanded="true" />
                <element signature="e#7271#7272#0" expanded="true" />
                <element signature="e#7306#7307#0" expanded="true" />
              </folding>
            </state>
          </provider>
        </entry>
      </file>
    </leaf>
  </component>
  <component name="Git.Settings">
    <option name="ROOT_SYNC" value="DONT_SYNC" />
    <option name="RECENT_GIT_ROOT_PATH" value="$PROJECT_DIR$" />
  </component>
  <component name="GradleLocalSettings">
    <option name="externalProjectsViewState">
      <projects_view />
    </option>
  </component>
  <component name="IdeDocumentHistory">
    <option name="CHANGED_PATHS">
      <list>
        <option value="$PROJECT_DIR$/src/kr/co/sunnyvale/examples/lambda/Test01.java" />
      </list>
    </option>
  </component>
  <component name="JsBuildToolGruntFileManager" detection-done="true" />
  <component name="JsGulpfileManager">
    <detection-done>true</detection-done>
  </component>
  <component name="NamedScopeManager">
    <order />
  </component>
  <component name="ProjectFrameBounds">
    <option name="x" value="-8" />
    <option name="y" value="-8" />
    <option name="width" value="1936" />
    <option name="height" value="1056" />
  </component>
  <component name="ProjectLevelVcsManager" settingsEditedManually="true">
    <OptionsSetting value="true" id="Add" />
    <OptionsSetting value="true" id="Remove" />
    <OptionsSetting value="true" id="Checkout" />
    <OptionsSetting value="true" id="Update" />
    <OptionsSetting value="true" id="Status" />
    <OptionsSetting value="true" id="Edit" />
    <ConfirmationsSetting value="0" id="Add" />
    <ConfirmationsSetting value="0" id="Remove" />
  </component>
  <component name="ProjectView">
    <navigator currentView="ProjectPane" proportions="" version="1">
      <flattenPackages />
      <showMembers />
      <showModules />
      <showLibraryContents />
      <hideEmptyPackages />
      <abbreviatePackageNames />
      <autoscrollToSource />
      <autoscrollFromSource />
      <sortByType />
    </navigator>
    <panes>
      <pane id="Scratches" />
      <pane id="ProjectPane">
        <subPane>
          <PATH>
            <PATH_ELEMENT>
              <option name="myItemId" value="LambdaExamples" />
              <option name="myItemType" value="com.intellij.ide.projectView.impl.nodes.ProjectViewProjectNode" />
            </PATH_ELEMENT>
          </PATH>
          <PATH>
            <PATH_ELEMENT>
              <option name="myItemId" value="LambdaExamples" />
              <option name="myItemType" value="com.intellij.ide.projectView.impl.nodes.ProjectViewProjectNode" />
            </PATH_ELEMENT>
            <PATH_ELEMENT>
              <option name="myItemId" value="LambdaExamples" />
              <option name="myItemType" value="com.intellij.ide.projectView.impl.nodes.PsiDirectoryNode" />
            </PATH_ELEMENT>
          </PATH>
          <PATH>
            <PATH_ELEMENT>
              <option name="myItemId" value="LambdaExamples" />
              <option name="myItemType" value="com.intellij.ide.projectView.impl.nodes.ProjectViewProjectNode" />
            </PATH_ELEMENT>
            <PATH_ELEMENT>
              <option name="myItemId" value="LambdaExamples" />
              <option name="myItemType" value="com.intellij.ide.projectView.impl.nodes.PsiDirectoryNode" />
            </PATH_ELEMENT>
            <PATH_ELEMENT>
              <option name="myItemId" value="src" />
              <option name="myItemType" value="com.intellij.ide.projectView.impl.nodes.PsiDirectoryNode" />
            </PATH_ELEMENT>
            <PATH_ELEMENT>
              <option name="myItemId" value="lambda" />
              <option name="myItemType" value="com.intellij.ide.projectView.impl.nodes.PsiDirectoryNode" />
            </PATH_ELEMENT>
            <PATH_ELEMENT>
              <option name="myItemId" value="Test01.java" />
              <option name="myItemType" value="com.intellij.ide.projectView.impl.ClassesTreeStructureProvider$PsiClassOwnerTreeNode" />
            </PATH_ELEMENT>
          </PATH>
        </subPane>
      </pane>
      <pane id="PackagesPane" />
      <pane id="Scope" />
    </panes>
  </component>
  <component name="PropertiesComponent">
    <property name="settings.editor.selected.configurable" value="vcs.Git" />
    <property name="settings.editor.splitter.proportion" value="0.2" />
    <property name="last_opened_file_path" value="$PROJECT_DIR$/.." />
    <property name="aspect.path.notification.shown" value="true" />
    <property name="WebServerToolWindowFactoryState" value="false" />
    <property name="project.structure.last.edited" value="SDKs" />
    <property name="project.structure.proportion" value="0.0" />
    <property name="project.structure.side.proportion" value="0.2" />
  </component>
  <component name="RunManager">
    <configuration default="true" type="AndroidRunConfigurationType" factoryName="Android Application">
      <module name="" />
      <option name="ACTIVITY_CLASS" value="" />
      <option name="MODE" value="default_activity" />
      <option name="DEPLOY" value="true" />
      <option name="ARTIFACT_NAME" value="" />
      <option name="TARGET_SELECTION_MODE" value="EMULATOR" />
      <option name="USE_LAST_SELECTED_DEVICE" value="false" />
      <option name="PREFERRED_AVD" value="" />
      <option name="USE_COMMAND_LINE" value="true" />
      <option name="COMMAND_LINE" value="" />
      <option name="WIPE_USER_DATA" value="false" />
      <option name="DISABLE_BOOT_ANIMATION" value="false" />
      <option name="NETWORK_SPEED" value="full" />
      <option name="NETWORK_LATENCY" value="none" />
      <option name="CLEAR_LOGCAT" value="false" />
      <option name="SHOW_LOGCAT_AUTOMATICALLY" value="true" />
      <option name="FILTER_LOGCAT_AUTOMATICALLY" value="true" />
      <method />
    </configuration>
    <configuration default="true" type="AndroidTestRunConfigurationType" factoryName="Android Tests">
      <module name="" />
      <option name="TESTING_TYPE" value="0" />
      <option name="INSTRUMENTATION_RUNNER_CLASS" value="" />
      <option name="METHOD_NAME" value="" />
      <option name="CLASS_NAME" value="" />
      <option name="PACKAGE_NAME" value="" />
      <option name="TARGET_SELECTION_MODE" value="EMULATOR" />
      <option name="USE_LAST_SELECTED_DEVICE" value="false" />
      <option name="PREFERRED_AVD" value="" />
      <option name="USE_COMMAND_LINE" value="true" />
      <option name="COMMAND_LINE" value="" />
      <option name="WIPE_USER_DATA" value="false" />
      <option name="DISABLE_BOOT_ANIMATION" value="false" />
      <option name="NETWORK_SPEED" value="full" />
      <option name="NETWORK_LATENCY" value="none" />
      <option name="CLEAR_LOGCAT" value="false" />
      <option name="SHOW_LOGCAT_AUTOMATICALLY" value="true" />
      <option name="FILTER_LOGCAT_AUTOMATICALLY" value="true" />
      <method />
    </configuration>
    <configuration default="true" type="Applet" factoryName="Applet">
      <option name="WIDTH" value="400" />
      <option name="HEIGHT" value="300" />
      <option name="POLICY_FILE" value="$APPLICATION_HOME_DIR$/bin/appletviewer.policy" />
      <module />
      <method />
    </configuration>
    <configuration default="true" type="Application" factoryName="Application">
      <extension name="coverage" enabled="false" merge="false" sample_coverage="true" runner="idea" />
      <option name="MAIN_CLASS_NAME" />
      <option name="VM_PARAMETERS" />
      <option name="PROGRAM_PARAMETERS" />
      <option name="WORKING_DIRECTORY" value="$PROJECT_DIR$" />
      <option name="ALTERNATIVE_JRE_PATH_ENABLED" value="false" />
      <option name="ALTERNATIVE_JRE_PATH" />
      <option name="ENABLE_SWING_INSPECTOR" value="false" />
      <option name="ENV_VARIABLES" />
      <option name="PASS_PARENT_ENVS" value="true" />
      <module name="" />
      <envs />
      <method />
    </configuration>
    <configuration default="true" type="CucumberJavaRunConfigurationType" factoryName="Cucumber java">
      <extension name="coverage" enabled="false" merge="false" sample_coverage="true" runner="idea" />
      <option name="myFilePath" />
      <option name="GLUE" />
      <option name="myNameFilter" />
      <option name="myGeneratedName" />
      <option name="MAIN_CLASS_NAME" />
      <option name="VM_PARAMETERS" />
      <option name="PROGRAM_PARAMETERS" />
      <option name="WORKING_DIRECTORY" />
      <option name="ALTERNATIVE_JRE_PATH_ENABLED" value="false" />
      <option name="ALTERNATIVE_JRE_PATH" />
      <option name="ENABLE_SWING_INSPECTOR" value="false" />
      <option name="ENV_VARIABLES" />
      <option name="PASS_PARENT_ENVS" value="true" />
      <module name="" />
      <envs />
      <method />
    </configuration>
    <configuration default="true" type="GradleRunConfiguration" factoryName="Gradle">
      <ExternalSystemSettings>
        <option name="executionName" />
        <option name="externalProjectPath" />
        <option name="externalSystemIdString" value="GRADLE" />
        <option name="scriptParameters" />
        <option name="taskDescriptions">
          <list />
        </option>
        <option name="taskNames">
          <list />
        </option>
        <option name="vmOptions" />
      </ExternalSystemSettings>
      <method />
    </configuration>
    <configuration default="true" type="JUnit" factoryName="JUnit">
      <extension name="coverage" enabled="false" merge="false" sample_coverage="true" runner="idea" />
      <module name="" />
      <option name="ALTERNATIVE_JRE_PATH_ENABLED" value="false" />
      <option name="ALTERNATIVE_JRE_PATH" />
      <option name="PACKAGE_NAME" />
      <option name="MAIN_CLASS_NAME" />
      <option name="METHOD_NAME" />
      <option name="TEST_OBJECT" value="class" />
      <option name="VM_PARAMETERS" value="-ea" />
      <option name="PARAMETERS" />
      <option name="WORKING_DIRECTORY" value="$MODULE_DIR$" />
      <option name="ENV_VARIABLES" />
      <option name="PASS_PARENT_ENVS" value="true" />
      <option name="TEST_SEARCH_SCOPE">
        <value defaultName="singleModule" />
      </option>
      <envs />
      <patterns />
      <method />
    </configuration>
    <configuration default="true" type="JarApplication" factoryName="JAR Application">
      <extension name="coverage" enabled="false" merge="false" sample_coverage="true" runner="idea" />
      <envs />
      <method />
    </configuration>
    <configuration default="true" type="JavascriptDebugType" factoryName="JavaScript Debug">
      <method />
    </configuration>
    <configuration default="true" type="NodeJSConfigurationType" factoryName="Node.js" working-dir="">
      <profiling log-folder="D:\Java\GitRepository\LambdaExamples" />
      <method />
    </configuration>
    <configuration default="true" type="Remote" factoryName="Remote">
      <option name="USE_SOCKET_TRANSPORT" value="true" />
      <option name="SERVER_MODE" value="false" />
      <option name="SHMEM_ADDRESS" value="javadebug" />
      <option name="HOST" value="localhost" />
      <option name="PORT" value="5005" />
      <method />
    </configuration>
    <configuration default="true" type="SpringBootApplicationConfigurationType" factoryName="Spring Boot">
      <extension name="coverage" enabled="false" merge="false" sample_coverage="true" runner="idea" />
      <module name="" />
      <envs />
      <method />
    </configuration>
    <configuration default="true" type="TestNG" factoryName="TestNG">
      <extension name="coverage" enabled="false" merge="false" sample_coverage="true" runner="idea" />
      <module name="" />
      <option name="ALTERNATIVE_JRE_PATH_ENABLED" value="false" />
      <option name="ALTERNATIVE_JRE_PATH" />
      <option name="SUITE_NAME" />
      <option name="PACKAGE_NAME" />
      <option name="MAIN_CLASS_NAME" />
      <option name="METHOD_NAME" />
      <option name="GROUP_NAME" />
      <option name="TEST_OBJECT" value="CLASS" />
      <option name="VM_PARAMETERS" value="-ea" />
      <option name="PARAMETERS" />
      <option name="WORKING_DIRECTORY" value="$PROJECT_DIR$" />
      <option name="OUTPUT_DIRECTORY" />
      <option name="ANNOTATION_TYPE" />
      <option name="ENV_VARIABLES" />
      <option name="PASS_PARENT_ENVS" value="true" />
      <option name="TEST_SEARCH_SCOPE">
        <value defaultName="singleModule" />
      </option>
      <option name="USE_DEFAULT_REPORTERS" value="false" />
      <option name="PROPERTIES_FILE" />
      <envs />
      <properties />
      <listeners />
      <method />
    </configuration>
    <configuration default="true" type="js.build_tools.gulp" factoryName="Gulp.js">
      <method />
    </configuration>
    <configuration name="&lt;template&gt;" type="#org.jetbrains.idea.devkit.run.PluginConfigurationType" default="true" selected="false">
      <option name="VM_PARAMETERS" value="-Xmx512m -Xms256m -XX:MaxPermSize=250m -ea" />
    </configuration>
  </component>
  <component name="ShelveChangesManager" show_recycled="false" />
  <component name="TaskManager">
    <task active="true" id="Default" summary="Default task">
      <changelist id="b028632c-fbc4-42be-9d0b-556ef09e557c" name="Default" comment="" />
      <created>1428996195676</created>
      <option name="number" value="Default" />
      <updated>1428996195676</updated>
      <workItem from="1428996197251" duration="360000" />
    </task>
    <servers />
  </component>
  <component name="TimeTrackingManager">
    <option name="totallyTimeSpent" value="360000" />
  </component>
  <component name="ToolWindowManager">
    <frame x="-8" y="-8" width="1936" height="1056" extended-state="6" />
    <editor active="true" />
    <layout>
      <window_info id="TODO" active="false" anchor="bottom" auto_hide="false" internal_type="DOCKED" type="DOCKED" visible="false" weight="0.33" sideWeight="0.5" order="6" side_tool="false" content_ui="tabs" />
      <window_info id="Palette&#9;" active="false" anchor="left" auto_hide="false" internal_type="DOCKED" type="DOCKED" visible="false" weight="0.33" sideWeight="0.5" order="-1" side_tool="false" content_ui="tabs" />
      <window_info id="Event Log" active="false" anchor="bottom" auto_hide="false" internal_type="DOCKED" type="DOCKED" visible="false" weight="0.33" sideWeight="0.5" order="-1" side_tool="true" content_ui="tabs" />
      <window_info id="Application Servers" active="false" anchor="bottom" auto_hide="false" internal_type="DOCKED" type="DOCKED" visible="false" weight="0.33" sideWeight="0.5" order="-1" side_tool="false" content_ui="tabs" />
      <window_info id="Maven Projects" active="false" anchor="right" auto_hide="false" internal_type="DOCKED" type="DOCKED" visible="false" weight="0.33" sideWeight="0.5" order="-1" side_tool="false" content_ui="tabs" />
      <window_info id="Version Control" active="false" anchor="bottom" auto_hide="false" internal_type="DOCKED" type="DOCKED" visible="false" weight="0.33" sideWeight="0.5" order="-1" side_tool="false" content_ui="tabs" />
      <window_info id="Run" active="false" anchor="bottom" auto_hide="false" internal_type="DOCKED" type="DOCKED" visible="false" weight="0.33" sideWeight="0.5" order="2" side_tool="false" content_ui="tabs" />
      <window_info id="CheckStyle" active="false" anchor="bottom" auto_hide="false" internal_type="DOCKED" type="DOCKED" visible="false" weight="0.33" sideWeight="0.5" order="-1" side_tool="false" content_ui="tabs" />
      <window_info id="Terminal" active="false" anchor="bottom" auto_hide="false" internal_type="DOCKED" type="DOCKED" visible="false" weight="0.33" sideWeight="0.5" order="-1" side_tool="false" content_ui="tabs" />
      <window_info id="Designer" active="false" anchor="right" auto_hide="false" internal_type="DOCKED" type="DOCKED" visible="false" weight="0.33" sideWeight="0.5" order="-1" side_tool="false" content_ui="tabs" />
      <window_info id="Project" active="false" anchor="left" auto_hide="false" internal_type="DOCKED" type="DOCKED" visible="true" weight="0.15104167" sideWeight="0.5" order="0" side_tool="false" content_ui="combo" />
      <window_info id="Tail" active="false" anchor="bottom" auto_hide="false" internal_type="DOCKED" type="DOCKED" visible="false" weight="0.33" sideWeight="0.5" order="-1" side_tool="false" content_ui="tabs" />
      <window_info id="Database" active="false" anchor="right" auto_hide="false" internal_type="DOCKED" type="DOCKED" visible="false" weight="0.33" sideWeight="0.5" order="-1" side_tool="false" content_ui="tabs" />
      <window_info id="Structure" active="false" anchor="left" auto_hide="false" internal_type="DOCKED" type="DOCKED" visible="false" weight="0.25" sideWeight="0.5" order="1" side_tool="false" content_ui="tabs" />
      <window_info id="Ant Build" active="false" anchor="right" auto_hide="false" internal_type="DOCKED" type="DOCKED" visible="false" weight="0.25" sideWeight="0.5" order="1" side_tool="false" content_ui="tabs" />
      <window_info id="Favorites" active="false" anchor="left" auto_hide="false" internal_type="DOCKED" type="DOCKED" visible="false" weight="0.33" sideWeight="0.5" order="-1" side_tool="true" content_ui="tabs" />
      <window_info id="Debug" active="false" anchor="bottom" auto_hide="false" internal_type="DOCKED" type="DOCKED" visible="false" weight="0.4" sideWeight="0.5" order="3" side_tool="false" content_ui="tabs" />
      <window_info id="Cvs" active="false" anchor="bottom" auto_hide="false" internal_type="DOCKED" type="DOCKED" visible="false" weight="0.25" sideWeight="0.5" order="4" side_tool="false" content_ui="tabs" />
      <window_info id="Hierarchy" active="false" anchor="right" auto_hide="false" internal_type="DOCKED" type="DOCKED" visible="false" weight="0.25" sideWeight="0.5" order="2" side_tool="false" content_ui="combo" />
      <window_info id="Message" active="false" anchor="bottom" auto_hide="false" internal_type="DOCKED" type="DOCKED" visible="false" weight="0.33" sideWeight="0.5" order="0" side_tool="false" content_ui="tabs" />
      <window_info id="Commander" active="false" anchor="right" auto_hide="false" internal_type="SLIDING" type="SLIDING" visible="false" weight="0.4" sideWeight="0.5" order="0" side_tool="false" content_ui="tabs" />
      <window_info id="Find" active="false" anchor="bottom" auto_hide="false" internal_type="DOCKED" type="DOCKED" visible="false" weight="0.33" sideWeight="0.5" order="1" side_tool="false" content_ui="tabs" />
      <window_info id="Inspection" active="false" anchor="bottom" auto_hide="false" internal_type="DOCKED" type="DOCKED" visible="false" weight="0.4" sideWeight="0.5" order="5" side_tool="false" content_ui="tabs" />
    </layout>
  </component>
  <component name="VcsContentAnnotationSettings">
    <option name="myLimit" value="2678400000" />
  </component>
  <component name="XDebuggerManager">
    <breakpoint-manager />
    <watches-manager />
  </component>
  <component name="editorHistoryManager">
    <entry file="file://$PROJECT_DIR$/src/kr/co/sunnyvale/examples/lambda/Test01.java">
      <provider selected="true" editor-type-id="text-editor">
        <state vertical-scroll-proportion="0.65883666">
          <caret line="70" column="70" selection-start-line="70" selection-start-column="70" selection-end-line="70" selection-end-column="70" />
          <folding>
            <element signature="e#4634#4635#0" expanded="true" />
            <element signature="e#4667#4668#0" expanded="true" />
            <element signature="e#4837#4838#0" expanded="true" />
            <element signature="e#4860#4861#0" expanded="true" />
            <element signature="e#5015#5016#0" expanded="true" />
            <element signature="e#5039#5040#0" expanded="true" />
            <element signature="e#5082#5083#0" expanded="true" />
            <element signature="e#5115#5116#0" expanded="true" />
            <element signature="e#5158#5159#0" expanded="true" />
            <element signature="e#5182#5183#0" expanded="true" />
            <element signature="e#5393#5394#0" expanded="true" />
            <element signature="e#5417#5418#0" expanded="true" />
            <element signature="e#5460#5461#0" expanded="true" />
            <element signature="e#5493#5494#0" expanded="true" />
            <element signature="e#6774#6775#0" expanded="true" />
            <element signature="e#6817#6818#0" expanded="true" />
            <element signature="e#6899#6900#0" expanded="true" />
            <element signature="e#6948#6949#0" expanded="true" />
            <element signature="e#7030#7031#0" expanded="true" />
            <element signature="e#7079#7080#0" expanded="true" />
            <element signature="e#7189#7190#0" expanded="true" />
            <element signature="e#7231#7232#0" expanded="true" />
            <element signature="e#7271#7272#0" expanded="true" />
            <element signature="e#7306#7307#0" expanded="true" />
          </folding>
        </state>
      </provider>
    </entry>
  </component>
  <component name="masterDetails">
    <states>
      <state key="ArtifactsStructureConfigurable.UI">
        <settings>
          <artifact-editor />
          <splitter-proportions>
            <option name="proportions">
              <list>
                <option value="0.2" />
              </list>
            </option>
          </splitter-proportions>
        </settings>
      </state>
      <state key="FacetStructureConfigurable.UI">
        <settings>
          <last-edited>No facets are configured</last-edited>
          <splitter-proportions>
            <option name="proportions">
              <list>
                <option value="0.2" />
              </list>
            </option>
          </splitter-proportions>
        </settings>
      </state>
      <state key="GlobalLibrariesConfigurable.UI">
        <settings>
          <splitter-proportions>
            <option name="proportions">
              <list>
                <option value="0.2" />
              </list>
            </option>
          </splitter-proportions>
        </settings>
      </state>
      <state key="JdkListConfigurable.UI">
        <settings>
          <last-edited>1.8</last-edited>
          <splitter-proportions>
            <option name="proportions">
              <list>
                <option value="0.2" />
              </list>
            </option>
          </splitter-proportions>
        </settings>
      </state>
      <state key="ModuleStructureConfigurable.UI">
        <settings>
          <last-edited>LambdaExamples</last-edited>
          <splitter-proportions>
            <option name="proportions">
              <list>
                <option value="0.2" />
              </list>
            </option>
          </splitter-proportions>
        </settings>
      </state>
      <state key="ProjectJDKs.UI">
        <settings>
          <last-edited>1.8</last-edited>
          <splitter-proportions>
            <option name="proportions">
              <list>
                <option value="0.2" />
              </list>
            </option>
          </splitter-proportions>
        </settings>
      </state>
      <state key="ProjectLibrariesConfigurable.UI">
        <settings>
          <splitter-proportions>
            <option name="proportions">
              <list>
                <option value="0.2" />
              </list>
            </option>
          </splitter-proportions>
        </settings>
      </state>
    </states>
  </component>
</project>